[
    {
        "id": "custom",
        "name": "Custom",
        "manufacturer": "",
        "mass": 0.0401,
        "length": 0.425,
        "diameter": 0.025,
        "tipChord": 0.05,
        "rootChord": 0.05,
        "height": 0.03,
        "thickness": 0.002,
        "finsNumber": 3,
        "gravityCentre": 0.216,
        "pressureCentre": 0.32,
        "thrustCentre": 0.425,
        "dragArea": 0.00049,
        "dragCoefficient": 0.64,
        "liftArea": 0.00121,
        "liftCoefficient": 0.2,
        "rotationalInertia": 0.007115,
        "tvc": false,
        "kp": 0.0,
        "ki": 0.0,
        "kd": 0.0,
        "motorType": "d9",
        "motorQuantity": 1
    },
    {
        "id": "beta",
        "name": "Beta",
        "manufacturer": "Apex",
        "mass": 1,
        "length": 1,
        "diameter": 0.089,
        "tipChord": 0,
        "rootChord": 0,
        "height": 0,
        "thickness": 0,
        "finsNumber": 0,
        "gravityCentre": 0.48,
        "pressureCentre": 0.05,
        "thrustCentre": 0.9,
        "dragArea": 0.005027,
        "dragCoefficient": 0.3315,
        "liftArea": 0.00445,
        "liftCoefficient": 1.4,
        "rotationalInertia": 0.04564,
        "tvc": true,
        "kp": 1,
        "ki": 0.5,
        "kd": 0.05,
        "motorType": "d3",
        "motorQuantity": 4
    },
    {
        "id": "inspiration",
        "name": "Inspiration",
        "manufacturer": "LTModelRockets",
        "mass": 0.75,
        "length": 1.100,
        "diameter": 0.101,
        "tipChord": 0,
        "rootChord": 0,
        "height": 0,
        "thickness": 0,
        "finsNumber": 0,
        "gravityCentre": 0.675,
        "pressureCentre": 0.0656,
        "thrustCentre": 1.02,
        "dragArea": 0.008012,
        "dragCoefficient": 0.45,
        "liftArea": 0.1111,
        "liftCoefficient": 0.2,
        "rotationalInertia": 0.093,
        "tvc": true,
        "kp": 2,
        "ki": 0,
        "kd": 1.5,
        "motorType": "d3",
        "motorQuantity": 4
    }
]
