[
    {
        "id": "f10",
        "name": "F10",
        "time": [
            0.027,
            0.046,
            0.302,
            0.375,
            0.467,
            0.687,
            0.989,
            1.327,
            1.812,
            2.481,
            3.121,
            4.101,
            4.934,
            5.437,
            5.51,
            5.556,
            5.867,
            6.224,
            6.508,
            6.6,
            6.719,
            6.764,
            6.81,
            6.883,
            6.938,
            7.02
        ],
        "thrust": [
            16.867,
            22.69,
            21.009,
            19.934,
            20.262,
            17.952,
            15.552,
            13.083,
            10.932,
            10.036,
            8.964,
            8.642,
            8.569,
            8.574,
            9.236,
            8.409,
            8.496,
            8.416,
            8.089,
            7.262,
            7.015,
            6.106,
            4.701,
            3.047,
            1.47,
            0
        ],
        "totalMass": 0.083,
        "propellantMass": 0.04
    },
    {
        "id": "d3",
        "name": "D3",
        "time": [
            0.073,
            0.178,
            0.251,
            0.313,
            0.375,
            0.425,
            0.473,
            0.556,
            0.603,
            0.655,
            0.698,
            0.782,
            0.873,
            1.024,
            1.176,
            5.282,
            4.491,
            5.59,
            5.782,
            5.924,
            6.061,
            6.17,
            6.26
        ],
        "thrust": [
            0.229,
            0.686,
            1.287,
            2.203,
            3.633,
            5.006,
            6.465,
            8.181,
            9.01,
            6.922,
            5.463,
            4.291,
            3.576,
            3.146,
            2.946,
            2.918,
            2.832,
            2.517,
            1.859,
            1.287,
            0.715,
            0.286,
            0
        ],
        "totalMass": 0.028,
        "propellantMass": 0.017
    },
    {
        "id": "d9",
        "name": "D9",
        "time": [
            0.04,
            0.116,
            0.213,
            0.286,
            0.329,
            0.369,
            0.42,
            0.495,
            0.597,
            1.711,
            1.826,
            1.917,
            1.975,
            2.206,
            2.242
        ],
        "thrust": [
            2.111,
            9.685,
            25,
            15.738,
            12.472,
            10.67,
            9.713,
            9.178,
            8.896,
            8.925,
            8.699,
            8.052,
            6.954,
            1.07,
            0
        ],
        "totalMass": 0.027,
        "propellantMass": 0.016
    }
]
